{
  "minecraft:recipes/decorations/campfire": {
    "criteria": {
      "has_stick": "2020-07-01 15:21:05 +0530"
    },
    "done": true
  },
  "minecraft:recipes/combat/wooden_sword": {
    "criteria": {
      "has_stick": "2020-07-01 15:21:05 +0530"
    },
    "done": true
  },
  "minecraft:recipes/combat/crossbow": {
    "criteria": {
      "has_stick": "2020-07-01 15:21:05 +0530"
    },
    "done": true
  },
  "minecraft:recipes/tools/wooden_pickaxe": {
    "criteria": {
      "has_stick": "2020-07-01 15:21:05 +0530"
    },
    "done": true
  },
  "minecraft:recipes/tools/wooden_hoe": {
    "criteria": {
      "has_stick": "2020-07-01 15:21:05 +0530"
    },
    "done": true
  },
  "minecraft:recipes/tools/wooden_axe": {
    "criteria": {
      "has_stick": "2020-07-01 15:21:05 +0530"
    },
    "done": true
  },
  "minecraft:recipes/decorations/ladder": {
    "criteria": {
      "has_stick": "2020-07-01 15:21:05 +0530"
    },
    "done": true
  },
  "minecraft:recipes/misc/magenta_dye_from_lilac": {
    "criteria": {
      "has_double_plant": "2020-07-01 15:22:40 +0530"
    },
    "done": true
  },
  "minecraft:recipes/tools/wooden_shovel": {
    "criteria": {
      "has_stick": "2020-07-01 15:21:05 +0530"
    },
    "done": true
  },
  "minecraft:adventure/adventuring_time": {
    "criteria": {
      "minecraft:forest": "2020-07-01 15:19:38 +0530",
      "minecraft:river": "2020-07-01 15:23:08 +0530",
      "minecraft:wooded_hills": "2020-07-01 15:23:56 +0530",
      "minecraft:swamp": "2020-07-01 15:21:41 +0530"
    },
    "done": false
  },
  "DataVersion": 2230
}