{
    "formatVersion": 1,
    "+libraries": [
        {
          "name": "net.fabricmc:tiny-mappings-parser:0.2.2.14",
          "url": "https://maven.fabricmc.net/"
        },
        {
          "name": "net.fabricmc:sponge-mixin:0.8+build.18",
          "url": "https://maven.fabricmc.net/"
        },
        {
          "name": "net.fabricmc:tiny-remapper:0.2.2.64",
          "url": "https://maven.fabricmc.net/"
        },
        {
          "name": "net.fabricmc:fabric-loader-sat4j:2.3.5.4",
          "url": "https://maven.fabricmc.net/"
        },
        {
          "name": "com.google.jimfs:jimfs:1.1",
          "url": "https://maven.fabricmc.net/"
        },
        {
          "name": "org.ow2.asm:asm:8.0",
          "url": "https://maven.fabricmc.net/"
        },
        {
          "name": "org.ow2.asm:asm-analysis:8.0",
          "url": "https://maven.fabricmc.net/"
        },
        {
          "name": "org.ow2.asm:asm-commons:8.0",
          "url": "https://maven.fabricmc.net/"
        },
        {
          "name": "org.ow2.asm:asm-tree:8.0",
          "url": "https://maven.fabricmc.net/"
        },
        {
          "name": "org.ow2.asm:asm-util:8.0",
          "url": "https://maven.fabricmc.net/"
        },
        {
          "name": "com.google.guava:guava:21.0",
          "url": "https://maven.fabricmc.net/"
        },
        {
          "name": "net.fabricmc:fabric-loader-1.8.9:0.8.7+build.202006122116",
          "url": "https://dl.bintray.com/legacy-fabric/Legacy-Fabric-Maven/"
        }
    ],
    "mainClass": "net.fabricmc.loader.launch.knot.KnotClient",
    "name": "Legacy Fabric Loader",
    "releaseTime": "2020-06-12+21:17:20",
    "requires": [
        {
            "equals": "1.8.9",
            "uid": "net.minecraft"
        }
    ],
    "uid": "net.fabricmc.fabric-loader-1.8.9",
    "version": "0.8.7+build.202006122116-1.8.9"
}