{"stats":{"minecraft:custom":{"minecraft:jump":49,"minecraft:time_since_rest":8998,"minecraft:crouch_one_cm":1744,"minecraft:play_one_minute":8998,"minecraft:leave_game":1,"minecraft:sprint_one_cm":5500,"minecraft:time_since_death":8998,"minecraft:walk_one_cm":3907,"minecraft:sneak_time":1027,"minecraft:drop":12,"minecraft:fall_one_cm":1372,"minecraft:fly_one_cm":173159},"minecraft:picked_up":{"minecraft:stick":5,"minecraft:lilac":3,"minecraft:oak_sapling":4},"minecraft:mined":{"minecraft:oak_leaves":53},"minecraft:dropped":{"minecraft:oak_sapling":4,"minecraft:stick":5,"minecraft:lilac":3}},"DataVersion":2230}