{
  "minecraft:stone": "minecraft:cobblestone",
  "minecraft:cobblestone": "minecraft:end_stone",
  "minecraft:gravel": "minecraft:sand",
  "minecraft:sand": "dimdoors:unravelled_fabric",
  "minecraft:glass": "minecraft:sand",
  "minecraft:grass_block": "minecraft:dirt",
  "minecraft:dirt": "minecraft:sand",
  "minecraft:redstone_block": "minecraft:redstone_ore",
  "minecraft:redstone_ore": "minecraft:stone",
  "minecraft:emerald_block": "minecraft:emerald_ore",
  "minecraft:emerald_ore": "minecraft:stone",
  "minecraft:coal_block": "minecraft:coal_ore",
  "minecraft:coal_ore": "minecraft:stone",
  "minecraft:iron_block": "minecraft:iron_ore",
  "minecraft:iron_ore": "minecraft:stone",
  "minecraft:lapis_block": "minecraft:lapis_ore",
  "minecraft:lapis_ore": "minecraft:stone",
  "minecraft:gold_block": "minecraft:gold_ore",
  "minecraft:gold_ore": "minecraft:stone",
  "minecraft:sandstone": "minecraft:sand",
  "minecraft:end_stone_bricks": "minecraft:end_stone",
  "minecraft:grass_path": "minecraft:dirt",
  "minecraft:polished_granite": "minecraft:granite",
  "minecraft:polished_andesite": "minecraft:andesite",
  "minecraft:andesite": "minecraft:diorite",
  "minecraft:polished_diorite": "minecraft:diorite",
  "minecraft:granite": "minecraft:diorite",
  "minecraft:diorite": "minecraft:cobblestone",
  "minecraft:polished_blackstone": "minecraft:blackstone",
  "minecraft:blackstone": "minecraft:cobblestone",
  "minecraft:podzol": "minecraft:dirt",
  "minecraft:farmland": "minecraft:dirt",
  "minecraft:stone_bricks": "minecraft:cracked_stone_bricks",
  "minecraft:cracked_stone_bricks": "minecraft:diorite",
  "minecraft:end_stone": "minecraft:sand",
  "minecraft:oak_log": "minecraft:oak_planks",
  "minecraft:birch_log": "minecraft:birch_planks",
  "minecraft:spruce_log": "minecraft:spruce_planks",
  "minecraft:jungle_log": "minecraft:jungle_planks",
  "minecraft:acacia_log": "minecraft:acacia_planks",
  "minecraft:dark_oak_log": "minecraft:dark_oak_planks",
  "minecraft:oak_wood": "minecraft:oak_log",
  "minecraft:birch_wood": "minecraft:birch_log",
  "minecraft:spruce_wood": "minecraft:spruce_log",
  "minecraft:jungle_wood": "minecraft:jungle_log",
  "minecraft:acacia_wood": "minecraft:acacia_log",
  "minecraft:dark_oak_wood": "minecraft:dark_oak_log"
}