{
  "dungeons": {
    "maxDungeonDepth": 50
  },
  "monoliths": {
    "dangerousLimboMonoliths": false,
    "monolithTeleportation": true
  },
  "limbo": {
    "universalLimbo": false,
    "hardcoreLimbo": false,
    "decaySpreadChance": 0.5
  },
  "graphics": {
    "showRiftCore": false,
    "highlightRiftCoreFor": 15000,
    "riftSize": 1.0,
    "riftJitter": 1.0
  },
  "general": {
    "useEnderPearlsInCrafting": false,
    "endermanSpawnChance": 0.001,
    "endermanAggressiveChance": 0.5,
    "riftGrowthSpeed": 1.0,
    "depthSpreadFactor": 20,
    "closeDoorBehind": false,
    "teleportOffset": 0.5,
    "riftBoundingBoxInCreative": false,
    "riftCloseSpeed": 0.005
  },
  "pockets": {
    "publicPocketSize": 1,
    "loadAllSchematics": false,
    "cachedSchematics": 10,
    "pocketGridSize": 32,
    "maxPocketSize": 15,
    "privatePocketSize": 2
  },
  "world": {
    "clusterGenChance": 2.0E-4,
    "gatewayGenChance": 200,
    "clusterDimBlacklist": [],
    "gatewayDimBlacklist": []
  }
}